,Unnamed: 0,DIC_0,DIC_1,DIC_2,DIC_3,DIC_4,DIC_5,DelSurf,E0,E0_std,E1,E1_obs,E1_obs_std,E1_std,E2,E2_obs,E2_obs_std,E2_std,E3,E3_obs,E3_obs_std,E3_std,MCMC_BURN,MCMC_SAMPLE,MCMC_converge,R2,VBS,VBS_verr,alpha_lower,alpha_upper,beta_norm,beta_norm_std,beta_obs_norm,beta_obs_norm_std,cell_line,drug1_name,drug2_name,expt,h1,h1_std,h2,h2_std,log_C1,log_C1_std,log_C2,log_C2_std,log_alpha1,log_alpha1_std,log_alpha2,log_alpha2_std,log_c1_lower,log_c1_upper,log_c2_lower,log_c2_upper,log_gamma1,log_gamma1_std,log_gamma2,log_gamma2_std,log_like_mcmc,log_like_pso_finish,log_like_pso_start,max_conc_d1,max_conc_d2,memory_Mb,min_conc_d1,min_conc_d2,model_level,r1,r1_std,r2,r2_std,time
128,0,3632.37696131,3610.5029018,3586.60526245,4871.01559215,3562.18207667,3328.93911036,0.445401234452,0.0341883655709,0.000341584291489,0.0009317794461589999,0.014873902416000001,0.000330842828658,0.000238190839757,0.0042886278260199995,0.00428862784677,0.00020745127037300002,0.000207451270517,-0.039566451274,-0.00935489970276,0.0019804019575399997,0.00428489884388,100000,100000,1,0.8582242595139999,0.037855975065800004,3.89432089427e-09,-5.0,5.0,1.2177506905927011,0.13042017769014858,0.4563092718542229,0.0672035276684533,PC9C1,linsitinib,osimertinib,linsitinib_osimertinib_cellavista_cm_8-24-17.csv,0.151430192182,0.004764368947,6.0687535195099995,0.255112895592,-6.23580879044,0.08884406497510001,-8.20811138713,0.011044073489600001,0.31847841558400003,0.0120439099773,-3.21468317421,0.42985056805699995,-10.70927552,-3.30102999566,-12.70927552,-4.6989700043400005,1,0,1,0,"(1682.6477021456903,)",1822.61404519,21935.187179099998,5e-06,2e-07,563,1.9531e-08,1.9531e-10,5,3.4852444457,0.047703105011300005,3.4849541572600002,0.0475300966606,73.5651341836
129,0,1424.92161366,1304.27474351,1260.48553522,1130.8618831,1085.67742819,991.511023968,0.7571556771269999,0.0304681829543,0.00027768383283099994,-0.0115403336248,-0.011267771231200001,0.00014339738104700002,0.000142443245723,2.45065850504e-06,3.19409346776e-05,0.00012707015392799995,0.000127127014006,-0.0169928617851,-0.0169768965258,0.000122789808655,0.000122889406996,100000,100000,1,0.8690172450370001,0.0439191261858,3.60303987505e-11,-5.0,5.0,0.1297957796256184,0.0048958965964665535,0.1367915363627526,0.004973876738372765,PC9C1,dasatinib,osimertinib,dasatinib_osimertinib_cellavista_cm_8-24-17.csv,1.35071137113,0.0207845780253,2.0646078895900004,0.031934178242900006,-7.617698983819999,0.0114132926945,-8.15867196727,0.018545541841099997,0.713114531886,0.0275989328345,0.62695810718,0.023691993605800002,-11.4082399653,-4.0,-12.70927552,-4.6989700043400005,1,0,1,0,"(519.28268902524803,)",617.950360549,22868.462304599998,1e-06,2e-07,555,3.90625e-09,1.9531e-10,5,3.0468148882,0.0397693258331,3.0471829212199997,0.040070260928099996,78.0883188844
153,0,81325.3151393,73719.3916078,69144.3381024,66060.6662079,64694.2696341,63771.3641334,-0.42406983464299997,0.039945721557699994,4.46511279328e-06,0.00547337871404,0.007445515889,1.93063266564e-05,1.72001155635e-05,-0.0244745166241,-0.0226988279739,0.000206298916313,0.000207287482585,0.00149662593303,0.000489508310748,0.00010486175947199999,8.74587452894e-05,100000,100000,1,0.857473907262,-0.0541223416067,1.4537103486200002e-08,-7.0,7.0,-0.4031519176293168,0.00235207569789118,-0.3701572835630501,0.0026655023201257017,PC9C1,osimertinib,panobinostat,HTS018_rates.csv,0.795950102151,0.00133750455418,1.22202303014,0.00789232085623,-8.22789623521,0.0016872934289600002,-7.664296234119999,0.00384022362502,-0.154252146698,0.0288499802483,0.07608192094010001,0.029159110788500007,-12.698970004300001,-4.6989700043400005,-14.214670165,-4.39794000867,1,0,1,0,"(31782.131486696417,)",40820.26208440001,879021.715908,2e-07,4e-07,562,2e-10,6.0999999999999995e-12,5,3.9944848321300004,0.000622159625961,3.9944853040800004,0.000626653421381,98.6628142675
163,0,78619.6251659,72157.2685725,68891.552148,65536.300124,64390.4595079,63640.50688180001,0.445957032026,0.0399783582471,4.49467012893e-06,0.00563969163995,0.0075164325970100004,2.06301267615e-05,1.85528768919e-05,-0.0218783433743,-0.02187622761,2.32418486385e-05,2.32423056023e-05,-0.0008258790709149999,-0.0008806229659369998,5.86338905639e-05,5.86398919799e-05,100000,100000,1,0.670484250875,-0.18466834301100002,1.4321075035600001e-08,-7.0,7.0,-0.3403424972808713,0.0009801752049356449,-0.33943489157890805,0.0009801983002086614,PC9C1,osimertinib,carfilzomib,HTS018_rates.csv,0.8085292361759999,0.00146124038654,1.1647096779200001,0.006697465954739999,-8.23010813936,0.0017754344669100005,-9.23229007603,0.0013816091009700002,1.02597651576,0.0200667644371,1.6643977937,0.040304594646900005,-12.698970004300001,-4.6989700043400005,-13.214670165,-3.39794000867,1,0,1,0,"(31749.547601595608,)",40407.8230675,1907853.39507,2e-07,4e-06,586,2e-10,6.100000000000001e-11,5,3.997790187230002,0.000630054401622,3.99779047399,0.0006316323115369999,102.25093748200001
167,0,90512.8628129,84166.9935937,80200.9356283,77651.0989957,76469.90589089999,75666.19647869999,-0.3940191427220001,0.0399819654682,4.49616831001e-06,0.00570848564703,0.0076598434921200005,1.9942526315e-05,1.7695452144e-05,0.0254341203382,0.0317595630535,7.50850663587e-05,7.15714526682e-05,-0.0138035321851,0.00631160223079,0.00012421747911299999,0.000757891615421,100000,100000,1,0.704338344004,-0.005807604078920001,1.96931712389e-13,-7.0,7.0,0.5693036695993104,0.022128027658895304,0.04171264690875697,0.0038964896376079846,PC9C1,osimertinib,cabozantinib,HTS018_rates.csv,0.797325694148,0.00141543106489,0.156321584784,0.0022997262922800003,-8.22803517187,0.00175223377218,-6.126616096649999,0.0479492694706,-6.849155387969999,0.13010281110400002,-0.657364279949,0.033189549521499995,-12.698970004300001,-4.6989700043400005,-13.214670165,-3.39794000867,1,0,1,0,"(37740.727656832547,)",45222.93769190001,507028.737116,2e-07,4e-06,562,2e-10,6.100000000000001e-11,5,3.9981862190699995,0.000631661292104,3.9981838398400003,0.0006329946185930001,103.80093983399999
168,0,230857.580477,208050.97311,122597.666155,106500.869848,103593.214596,102171.943437,-0.496378269921,0.0399100086137,4.4099318075e-06,-0.00222435926704,0.00133302834799,1.54984348037e-05,1.17095578485e-05,-0.00441520592351,0.00175071169391,0.00044414297364199994,0.000320933213443,-0.00052128302291,-0.0006415889273749999,5.57756662336e-05,1.93106748613e-05,100000,100000,1,0.6869742300489999,1.51801075451e-05,4.02938840105e-09,-7.0,7.0,-0.08784893522243738,0.006618717083989321,0.05118641380855261,0.00150625503831428,PC9C1,osimertinib,mg132,HTS018_rates.csv,0.7744218643340001,0.000802150651976,3.18323933713,0.0589457677637,-8.035705300439997,0.0013387848683099998,-5.646618339959999,0.007660187553130002,0.36222953104,0.0106617487321,0.488680177488,0.20886353105500002,-12.698970004300001,-4.6989700043400005,-13.214670165,-3.39794000867,1,0,1,0,"(50902.044996193079,)",50009.493049699995,2405028.78987,2e-07,4e-06,566,2e-10,6.100000000000001e-11,5,3.9909853748,0.000609418075214,3.9909872527599997,0.000619157023985,105.253153098
175,0,21969.2405281,21913.967564500002,21844.6391376,21647.7423226,21556.2514763,21371.1146911,0.00577352200051,0.0390002305516,7.1746760002600004e-06,0.038657551014,0.0387359846225,6.40531111942e-05,8.03694404909e-05,0.005602003220149999,0.00571267280465,9.72346825975e-06,9.33778262206e-06,0.0007572717243939999,0.0008463514497649999,7.15715335588e-05,7.06199531477e-05,100000,100000,1,0.964835614736,0.00504576056746,2.57614666117e-14,-4.0,4.0,0.14505954006708244,0.0021388078801894282,0.14619039918393775,0.002176238411236675,PC9C1,gw770249x,osimertinib,HTS015_017_Combined.csv,1.12397580903,0.05302865444569999,1.1596199018,0.00512408237549,-5.4693215861199995,0.10046301453800001,-8.83609584151,0.0014890284436400005,0.32231479585,0.0239126092466,1.5231956547299998,0.108696029244,-10.386158178099999,-3.0,-11.698970004300001,-4.6989700043400005,1,0,1,0,"(10718.18173490733,)",10972.9005015,96923.02908810001,1e-05,2e-07,569,4.1100000000000004e-08,2e-09,5,3.90022585794,0.00102742498604,3.90022055813,0.00103671831662,93.9605155826
176,0,24206.7331426,24139.2021954,24088.019534,24038.4640215,23982.335988599996,23015.8079833,0.08237258761710001,0.039014334251,7.11261137009e-06,0.0087658998638,0.015103698627799996,0.000189903631866,0.000155755524611,0.0055250405193100005,0.00561000262746,9.3152117889e-06,9.06086384195e-06,-0.0548084066988,-0.0362816940764,0.0012018874407600001,0.0014067013887200002,100000,100000,1,0.9666265119299999,0.0023960096050799997,1.9532556145900002e-10,-5.0,5.0,1.8015741896944848,0.04201309149142205,1.2540797755204585,0.035986468666648494,PC9C1,m344,osimertinib,HTS015_017_Combined.csv,1.9760125006799998,0.0136275989102,1.22236368255,0.00539174227266,-6.28750505726,0.00601480461258,-8.82156047689,0.00134107647406,-0.90767071997,0.017247802405000002,-0.08749693202549999,0.0113916233957,-11.585026652,-3.9956786262199997,-11.698970004300001,-4.6989700043400005,1,0,1,0,"(11421.700069798613,)",11862.0602354,414624.083779,1.01e-06,2e-07,573,2.6e-09,2e-09,5,3.90143512676,0.000996704101437,3.901438582930002,0.0010092210156,91.09381993209999
178,0,77611.7950863,71665.32146889999,68083.5873214,65634.2608033,64570.237339499996,63959.3955421,-0.408973424984,0.039972343032699996,4.47429545328e-06,0.00598972349891,0.00787457498799,1.91688195799e-05,1.6898729525e-05,-0.00430719309127,-0.0018200183971800001,5.77083736049e-05,5.25378671125e-05,-0.017816755016,0.0019215843192500002,5.4903962084e-05,0.0017667438544300001,100000,100000,1,0.859722825169,-0.0440394032791,1.10273109957e-08,-7.0,7.0,0.3050971872629176,0.03992983153552917,-0.08952838720797651,0.0018183960731562305,PC9C1,osimertinib,tanespimycin,HTS018_rates.csv,0.8022528396359999,0.00142182971251,0.513672491118,0.0018947791067199999,-8.23364540395,0.0017362411969300002,-7.78348847007,0.0059661737513000005,-6.61139830372,0.304132050586,-5.44003364113,0.9634605145299999,-12.698970004300001,-4.6989700043400005,-13.214670165,-3.39794000867,1,0,1,0,"(31919.401695687095,)",38823.6750544,525292.446057,2e-07,4e-06,586,2e-10,6.100000000000001e-11,5,3.99718340083,0.000629945560543,3.99717744518,0.000630326080619,108.136298664
181,0,69165.75486649999,69115.5280513,68974.90366789997,68556.0030745,68507.92690830001,67419.4411235,-0.23997810407099998,0.038887206633,7.10796657662e-06,-0.015083020017299999,-0.0073101479570400005,0.0007068989067760001,0.000249930332658,0.00564940006516,0.00569807694725,8.871588670019999e-06,8.69721824568e-06,0.010165256718299999,0.006560114871689999,0.00017750196342299998,4.44772551461e-05,100000,100000,1,0.9293230993260001,-1.8406294642800002e-18,4.18998065054e-18,-4.0,4.0,-0.4678186159786982,0.002599343286426352,-0.3002393308408266,0.011376136220727182,PC9C1,harringtonine,osimertinib,HTS015_017_Combined.csv,10.1476072888,0.354886183807,1.32180708999,0.00750243887275,-5.07627764514,0.0034155687487199995,-8.84275719769,0.0014269592026800002,3.1979597589499997,0.49871456732,-0.13903758314200002,0.0105330449164,-10.386158178099999,-3.0,-11.698970004300001,-4.6989700043400005,1,0,1,0,"(33732.636281631581,)",33532.2350703,347361.233417,1e-05,2e-07,576,4.1100000000000004e-08,2e-09,5,3.88871738583,0.0010089847195,3.88871898039,0.00100105335328,97.8485689521
187,0,25814.211710599997,25773.566607900004,25624.8892627,25526.453749599998,25488.2359509,25479.8326252,-0.0831114045817,0.0390463303081,7.13094885107e-06,0.0271298275962,0.0272061329073,0.00014297714795800002,0.000141866880243,0.00549938408034,0.00559539769462,9.307552519630001e-06,8.99424272544e-06,0.0038235168327800002,0.0050504957989399996,0.000120877704258,5.73325970572e-05,100000,100000,1,0.9659129015160001,-2.28920126968e-16,3.4176135548100003e-17,-4.0,4.0,0.04995588081794535,0.0017320871217565519,0.01628958755728131,0.0036246315014715202,PC9C1,ly294002,osimertinib,HTS015_017_Combined.csv,7.31939503999,0.317685838924,1.19047406271,0.00522706941373,-5.29931492475,0.0135012231452,-8.83431716704,0.0014351554652599998,3.2988009713200004,0.452036965425,-2.3020371538299997,0.9837023643,-10.386158178099999,-3.0,-11.698970004300001,-4.6989700043400005,1,0,1,0,"(12761.785140219901,)",12343.8903799,144408.528501,1e-05,2e-07,577,4.1100000000000004e-08,2e-09,5,3.9044757132999997,0.00100102701892,3.9044800344599997,0.00101007840738,99.2267968853
189,0,21402.382591999998,21352.8186053,21337.0693193,21338.656612400002,21308.995483000002,21273.395517599998,-0.06048850394140001,0.0390124561694,7.108088061060001e-06,0.0359365923345,0.0364553225086,0.000139788492474,0.000127905017628,0.00549256689317,0.005638886624810001,9.70090357967e-06,9.21868838366e-06,0.00951041817869,0.00884133181689,0.000266285166474,0.000127487436323,100000,100000,1,0.963822144899,-2.18249138399e-05,2.4230521855500003e-19,-4.0,4.0,-0.11986469443290147,0.003811116612122541,-0.09595752674286914,0.007983276086073727,PC9C1,sp600125,osimertinib,HTS015_017_Combined.csv,1.59339271686,0.0579017442521,1.10331374186,0.004313049353250001,-5.43480299018,0.0551254396518,-8.836258496860003,0.00148247463929,0.197730030656,0.0189424298153,-0.034662125970699995,0.0957620282601,-10.386158178099999,-3.0,-11.698970004300001,-4.6989700043400005,1,0,1,0,"(10680.331361606648,)",10691.726321200002,152235.94816,1e-05,2e-07,576,4.1100000000000004e-08,2e-09,5,3.90123678214,0.00101336662576,3.90123399136,0.00102319357753,99.56583815020001
190,0,24830.160413900005,24790.196835299997,24767.629092400002,24678.006529700004,24618.182123900002,24561.3428535,0.102861020726,0.0390155427253,7.18148923088e-06,-0.027005233276900003,-0.0191661099162,0.000246645896557,0.00024459028282599997,0.00555879089406,0.00567738104267,9.68717231261e-06,9.28128714488e-06,-0.04324801056890002,-0.0346162084066,0.000306342641913,0.00026014528731999997,100000,100000,1,0.952294574975,-4.24121023821e-05,8.31145610221e-16,-4.0,4.0,0.2460252404706475,0.0060693075008994134,0.2655493233511161,0.00751711988922401,PC9C1,sb253226,osimertinib,HTS015_017_Combined.csv,1.34950929693,0.00554445577792,1.14640904703,0.00489521002877,-5.64506302872,0.00491580483731,-8.8351124585,0.0014774334418900005,-0.052833262591000005,0.0362247504996,-0.147361669059,0.00849870103858,-10.386158178099999,-3.0,-11.698970004300001,-4.6989700043400005,1,0,1,0,"(12322.373867563007,)",12586.914235799999,1060909.5027700001,1e-05,2e-07,576,4.1100000000000004e-08,2e-09,5,3.9015959347400004,0.0010170078826,3.9015904540099995,0.0010249246245,102.068970819
192,0,88121.0872657,81157.94985549999,76676.4716104,73607.0460738,72297.442803,70810.654476,-0.13216196154999998,0.0399454472365,4.422730493919999e-06,0.00568913093124,0.00781569498096,1.91829073706e-05,1.67915894275e-05,0.0299853378614,0.032115190044299996,8.81252908639e-05,6.72636135606e-05,0.0114854475269,0.0103476284139,0.00013795370206400002,0.00010608077574799999,100000,100000,1,0.8436746404100001,1.5453324828e-06,6.42179446773e-11,-7.0,7.0,-0.16920431677500555,0.0031234166323247745,-0.07880339110001787,0.004328739724577985,PC9C1,osimertinib,olaparib,HTS018_rates.csv,0.780619417071,0.0013163977097499998,1.7762023261900002,0.0356907285394,-8.209602309060001,0.0016843047475999999,-5.01730455182,0.00806463052254,-0.13338748571200001,0.0392446487497,5.67503445994,0.8369928658779999,-12.698970004300001,-4.6989700043400005,-12.508638306199998,-2.69897000434,1,0,1,0,"(35292.843625724396,)",43504.7549979,413112.044481,2e-07,2e-05,574,2e-10,3.1e-10,5,3.9943336709400006,0.000626022986141,3.9943357885400004,0.000626354237666,123.0868095
193,0,110106.991384,100795.09714099999,94200.9083776,88668.4234167,87113.4035959,84572.1440699,0.7095502045409999,0.039923480865099996,4.47966032964e-06,0.00530304274145,0.007138018068020001,1.8211822468e-05,1.6312755216e-05,0.028458891819599996,0.0317178557546,0.000123679649894,0.00010748045538600001,-0.00318792334381,-0.00226614847737,9.82326065762e-05,8.70437095098e-05,100000,100000,1,0.6720565094959999,0.00303654598404,1.0364894748799998e-08,-7.0,7.0,0.2452587704099455,0.0025819822120121336,0.2868395240779573,0.003080562347763288,PC9C1,osimertinib,ceritinib,HTS018_rates.csv,0.8334854666629999,0.00135031714577,1.35092752033,0.00810527672125,-8.201157072460001,0.00156084462886,-5.694796880009999,0.013226749954699999,0.46168327721999997,0.0175425348605,6.258115040669999,0.5053747002000001,-12.698970004300001,-4.6989700043400005,-13.214670165,-3.39794000867,1,0,1,0,"(42086.444288092614,)",55192.9838036,2123144.36497,2e-07,4e-06,575,2e-10,6.100000000000001e-11,5,3.99172604865,0.00062348282274,3.9917204882,0.00062368290908,125.58918368399999
194,0,95276.43674319999,86964.7536658,82220.9098603,79229.1258853,77906.9217242,77070.8656119,-0.15549862793299998,0.0399413984888,4.4380849328e-06,0.00569030077775,0.0076168879846199985,1.85384888904e-05,1.64919888186e-05,0.0163689645997,0.0164053564534,3.88577207686e-05,3.57058855832e-05,0.0069040992611,0.00885997223516,0.000113440892539,8.74094713384e-05,100000,100000,1,0.559302827364,-1.03712836224e-09,9.201672599549999e-11,-7.0,7.0,-0.03543823598267937,0.0025939407101327337,-0.038456398291917014,0.0035525052051419686,PC9C1,osimertinib,tak632,HTS018_rates.csv,0.8202294292769999,0.0013601686155499998,6.75942918615,0.38719417795199995,-8.19214159899,0.0015699964446800002,-5.81376347178,0.0134070294673,-3.6367477277999996,1.92505166257,-0.792467454285,0.031086415315,-12.698970004300001,-4.6989700043400005,-13.214670165,-3.39794000867,1,0,1,0,"(38438.588847106927,)",47991.8627014,7537030.26651,2e-07,4e-06,576,2e-10,6.100000000000001e-11,5,3.99406030932,0.0006168492185090001,3.9940611534900015,0.0006180686750930001,122.829578348
196,0,82453.36137819999,75715.64737969999,71257.6797245,68284.49617150001,66968.3026624,66045.5404491,-0.172467265896,0.0399518249133,4.42539993836e-06,0.005820406642490001,0.00777891734176,1.84062734234e-05,1.63976995629e-05,0.00430662306465,0.00447329427985,8.15783483785e-05,7.21583174242e-05,-0.004089526579889999,-0.00362597420859,0.000156133832899,0.00016045359643200002,100000,100000,1,0.8668361913420001,2.69830027802e-07,1.34231899221e-09,-7.0,7.0,0.23554782156067355,0.005149701787989632,0.2282864691358953,0.0052291903848148535,PC9C1,osimertinib,ensartinib,HTS018_rates.csv,0.792177187813,0.0012872115205299999,5.38854660525,0.214244918624,-8.23343020033,0.0016079360129600002,-5.82998693962,0.0076296806746000015,0.11720385425999999,0.00825695539326,0.0390180480891,0.0470848732596,-12.698970004300001,-4.6989700043400005,-13.214670165,-3.39794000867,1,0,1,0,"(32920.796052641461,)",41517.8911538,806153.7889729999,2e-07,4e-06,568,2e-10,6.100000000000001e-11,5,3.9951396609099996,0.000608252521602,3.9951431344699997,0.000613756370276,127.51604475200001
198,0,86225.50083260001,78728.5471884,73881.67564369999,70678.57661039999,69328.7255128,68498.5547966,0.49511183217699994,0.039963547784800005,4.4237195747e-06,0.00564857480851,0.0074392328751299985,1.84979416621e-05,1.66249711861e-05,-0.011889776380200001,-0.011481988592000001,0.000331312647592,0.000332346121338,-0.00583249333796,-0.00590413608258,0.000206539556442,0.00020821977911,100000,100000,1,0.7662974734829999,0.0008412501681649999,6.33507695402e-09,-7.0,7.0,-0.11681571316364225,0.006940286990169858,-0.10842247748310777,0.007006180047264397,PC9C1,osimertinib,ulixertinib,HTS018_rates.csv,0.812252609489,0.0013543707691199998,3.0115734848900004,0.0460568409502,-8.24922109517,0.0016216586314400001,-6.09555323115,0.00434606631946,0.320806884932,0.00975714872152,0.732104479634,0.151322989036,-12.698970004300001,-4.6989700043400005,-13.214670165,-3.39794000867,1,0,1,0,"(34147.586663323258,)",43511.978459300015,1374716.87916,2e-07,4e-06,585,2e-10,6.100000000000001e-11,5,3.99627901235,0.000609743269182,3.9962825445499996,0.000617753497233,129.528626684
200,0,19614.035582099998,19562.3750289,19549.0654961,19545.935199400006,19516.870397,19481.905967500006,-0.118818030848,0.0389909791956,7.15182370898e-06,0.00894464970818,0.009049709144490001,8.49902653159e-05,8.43277776775e-05,0.00552564568526,0.00564510626246,9.71029595603e-06,9.29452242533e-06,0.0066027943904700005,0.006629694973729999,4.60707701001e-05,4.604851452e-05,100000,100000,1,0.96831598734,-2.5279177358599998e-06,1.33577256654e-15,-4.0,4.0,-0.032187000463544974,0.0014020315709729284,-0.029526553803049176,0.0014102238822169435,PC9C1,gw458787a,osimertinib,HTS015_017_Combined.csv,2.7072131048699997,0.0560017319889,1.14533461107,0.00492188774954,-5.906775734659999,0.00529955027599,-8.834431081389997,0.0014866232217,-0.501546187446,0.104975326389,-0.030387754843500002,0.055673392077800005,-10.386158178099999,-3.0,-11.698970004300001,-4.6989700043400005,1,0,1,0,"(9786.9120069934179,)",9806.23606478,157942.29909100002,1e-05,2e-07,576,4.1100000000000004e-08,2e-09,5,3.8990973066400003,0.0010130386505800002,3.8991020305800004,0.0010008240338800001,119.549702148
201,0,80923.4984398,74932.7078622,71286.3130278,68172.66513539999,66135.9155478,65280.343574399994,-0.307655629291,0.039941784789800004,4.47818095203e-06,0.005867234773359999,0.00766284104633,1.87757129866e-05,1.69307992583e-05,0.0263078124123,0.0263959547423,8.39910382482e-05,8.40579315525e-05,0.00493253123973,0.0073485196482,0.00012095182504299996,0.000132146290502,100000,100000,1,0.853019224033,-0.00313685071077,1.43915567835e-08,-7.0,7.0,0.027431133593225184,0.003911609996284409,0.009737660582328894,0.003792832956620279,PC9C1,osimertinib,methotrexate,HTS018_rates.csv,0.817289512336,0.00136756699968,1.4432440794299999,0.0260220516891,-8.23417654018,0.0016417011725499999,-6.91301367286,0.014008969729299998,-4.34260039567,1.5447229807700005,-0.430651272007,0.0167968918388,-12.698970004300001,-4.6989700043400005,-13.214670165,-3.39794000867,1,0,1,0,"(32549.634810623735,)",40405.6935725,416500.38083000004,2e-07,4e-06,570,2e-10,6.100000000000001e-11,5,3.99417142136,0.000623933252018,3.99417012513,0.0006274179050599999,133.363510768
203,0,50672.6498611,50423.2523689,50203.915349,49180.522588,48947.7792575,48118.0108935,-0.128283128308,0.0390090465607,7.23632780882e-06,0.0409047129937,0.0409047124079,3.39976154373e-05,3.39976259403e-05,0.0057824223003600005,0.00589885807504,9.52466778998e-06,9.12077377595e-06,0.0140946741064,0.014125837467799999,4.245437254100001e-05,4.24715406835e-05,100000,100000,1,0.9455669718340001,-0.000297230464518,7.168540826680001e-09,-5.0,5.0,-0.2501684113592508,0.0012958500894099385,-0.2484727441622116,0.0013014458167953653,PC9C1,beclomethasonedipropionate,osimertinib,HTS015_017_Combined.csv,7.579566423039999,0.34812350536200004,1.1521968212,0.00494469630674,-6.8545694167999995,0.0160601451332,-8.82870614915,0.0014400939563900005,0.408147914157,0.0165693872718,-2.8428357746399997,1.2516499351200001,-11.585026652,-3.9956786262199997,-11.698970004300001,-4.6989700043400005,1,0,1,0,"(24046.301324962576,)",22950.435489,171576.26626099998,1.01e-06,2e-07,562,2.6e-09,2e-09,5,3.9009083932,0.00100986491327,3.90092366564,0.0010159925800599999,120.439938732
204,0,19622.149455400002,19576.7387868,19562.727864200002,19555.0523093,19528.25333,19494.9993341,-0.09441300260169999,0.0390080708601,7.1364246412100005e-06,0.0343009345925,0.0346867444336,0.00019409016030999998,0.000133977982697,0.00550803441258,0.005638382962239999,9.692729897560001e-06,9.247279596180001e-06,0.0037933414474000003,0.00418421714145,0.0012217777578800001,0.000148155177753,100000,100000,1,0.9690990782610001,5.66495744244e-06,1.2315608217299999e-12,-5.0,5.0,0.05118480894390008,0.004432060057234425,0.0435774474499432,0.03661465675264624,PC9C1,bendroflumethiazide,osimertinib,HTS015_017_Combined.csv,3.7439196524500002,0.366381975517,1.1252919891700002,0.00464918779933,-6.27593137457,0.0408141272832,-8.839077607210003,0.00149050671019,0.033176165841299995,0.018885933105200002,-0.09047677534810004,0.600488558246,-11.585026652,-3.9956786262199997,-11.698970004300001,-4.6989700043400005,1,0,1,0,"(9793.8595822416082,)",9804.55672421,112796.55750899999,1.01e-06,2e-07,571,2.6e-09,2e-09,5,3.90081298727,0.00100374574742,3.90081288618,0.00101137377273,121.61111789899999
205,0,19946.170106999998,19861.3166665,19826.0878789,19822.0125357,19796.109649,19761.197883,-0.0378143658524,0.038996243695900004,7.113087718089999e-06,0.023643239372,0.026186443938,0.000504441969902,0.00023208310072099996,0.005513775770350001,0.00563870325065,9.55647994605e-06,9.12905041216e-06,0.010158139685,0.00995480104083,0.000208682072441,9.10950683833e-05,100000,100000,1,0.9361886177200002,-2.19195489502e-07,3.38866546139e-11,-5.0,5.0,-0.13871032221928747,0.002730954428955157,-0.12938896970728542,0.006260949905467369,PC9C1,bml259,osimertinib,HTS015_017_Combined.csv,6.649086361830001,0.463506378143,1.13583027704,0.0047279000087700005,-6.10128126214,0.0123038120079,-8.8353244313,0.0014667492022599998,0.9282391339399999,0.7987148311319999,0.09272374509680001,0.0596925515918,-11.585026652,-3.9956786262199997,-11.698970004300001,-4.6989700043400005,1,0,1,0,"(9929.7926361254049,)",10450.0974923,575949.750885,1.01e-06,2e-07,569,2.6e-09,2e-09,5,3.8996186265400015,0.0010067847349600001,3.8996265114899997,0.0009974988800259999,121.86372208200001
206,0,107699.382515,99287.1155351,94002.8934381,90717.0718992,89187.64142510002,88239.463757,-0.18638087601199999,0.0399216848474,4.436325740580001e-06,0.00532897116994,0.00763706243057,1.95590615749e-05,1.70354811271e-05,0.000852754524277,0.0009320724663260001,3.83741743929e-05,3.83105004937e-05,0.0060583119533,0.0041924584186500006,0.000146076334461,0.00011386609855600001,100000,100000,1,0.860521864552,-0.000316006608573,6.843865864659999e-09,-7.0,7.0,-0.13324033665549534,0.0030359317655032658,-0.08362191243292863,0.0038535875670620678,PC9C1,osimertinib,zm447439,HTS018_rates.csv,0.769204541609,0.00128280892992,2.93179247043,0.0166930568484,-8.18848634615,0.00165513625821,-6.3160054949300015,0.0032594952873,-0.33956740127999996,0.0322151410416,-1.18124972011,0.0598738649606,-12.698970004300001,-4.6989700043400005,-13.214670165,-3.39794000867,1,0,1,0,"(43995.705879734349,)",54060.2803465,606907.737261,2e-07,4e-06,579,2e-10,6.100000000000001e-11,5,3.9921480732099996,0.000616509115039,3.9921578488,0.0006233821578819999,132.936859151
209,0,24882.0568332,24104.986298599997,23487.9880792,22851.1527603,22736.672098,22682.369911,-0.158697082227,0.038999963260800005,7.2112250547600004e-06,0.0330624465483,0.0330624465483,5.91169446995e-05,5.91169446995e-05,0.0055690914657,0.0056850127086400006,9.60096982504e-06,9.24944828484e-06,0.00442977454155,0.0047101944425800004,5.4308628433e-05,5.43633517606e-05,100000,100000,1,0.96603987831,0.00042669385865900004,8.230585234960001e-10,-4.0,4.0,0.034079785030224394,0.0016511351750395705,0.029260684764750387,0.0016569364925747385,PC9C1,pracinostat,osimertinib,HTS015_017_Combined.csv,7.17020021682,0.278108980603,1.15011922665,0.00465692130791,-6.800223367919999,0.013223152094,-8.83655373209,0.00148686960323,-0.394478592409,0.006548779800830001,0.0799450921296,0.023705028464099998,-10.386158178099999,-3.0,-11.698970004300001,-4.6989700043400005,1,0,1,0,"(11385.514253964911,)",12444.7868769,130530.074005,1e-05,2e-07,574,4.1100000000000004e-08,2e-09,5,3.9000403484599997,0.00102564118738,3.90001037946,0.00102429389784,118.78078183299999
210,0,21225.6835287,21199.387554700006,21192.8189708,21195.1137631,21166.167933400004,21129.3508287,-0.0315081556729,0.038969324308800006,7.1476315271100005e-06,0.0109653573103,0.0198864562976,0.000349844140139,0.000287514758668,0.00553097953488,0.005664751896819999,9.51067649074e-06,9.0950880076e-06,-0.14276535153699998,-0.004021188961469999,0.00174870442426,0.016912333795,100000,100000,1,0.963732718363,1.0958603133700002e-06,1.0756988215600001e-17,-4.0,4.0,4.434918417000791,0.5057796925764315,0.2908291611876651,0.05250776774173628,PC9C1,nebivolol,osimertinib,HTS015_017_Combined.csv,2.15319542438,0.043914592391800004,1.11998068437,0.0043432426383800005,-5.15336521918,0.009093151099530001,-8.8384153541,0.00149928759608,-1.4311531596200002,0.052849272891499995,-0.678011971388,0.0303170223058,-10.386158178099999,-3.0,-11.698970004300001,-4.6989700043400005,1,0,1,0,"(10603.616261009674,)",10609.2939411,235899.730986,1e-05,2e-07,575,4.1100000000000004e-08,2e-09,5,3.89691082861,0.000999836509774,3.8969246609800003,0.00101313321146,118.924699247
211,0,92515.1445261,85168.6898122,80846.9802116,73890.5370935,72114.4241639,69060.3431127,0.08948225260510001,0.0399521958692,4.4759707267e-06,0.00547998890734,0.0075565738795300005,1.92409184022e-05,1.71815845892e-05,-0.005781597458609999,0.000965728211406,0.000141652420266,0.000130826887214,0.00416630323532,0.0042217954395799995,2.71952854103e-05,2.7842317917e-05,100000,100000,1,0.869451233451,0.029851962354200002,1.32598154315e-08,-7.0,7.0,-0.21751750664165528,0.0023197927417152073,-0.08351788258311374,0.0034022140801584877,PC9C1,osimertinib,dactolisib,HTS018_rates.csv,0.788668052368,0.00125956368614,0.9280417861920001,0.0021120696049,-8.21182019823,0.0016957124046500002,-6.21878905534,0.006855401208489999,0.867460967811,0.0185165284288,6.581715495569999,0.309872155137,-12.698970004300001,-4.6989700043400005,-13.214670165,-3.39794000867,1,0,1,0,"(33032.749402736255,)",42616.830210500004,476485.58685200004,2e-07,4e-06,569,2e-10,6.100000000000001e-11,5,3.9947975391000003,0.000624859783941,3.9948529694099997,0.0006243290004099999,136.790081553
212,0,21065.2388405,20993.9557685,20738.1654743,20643.311332700006,20614.0835961,20515.2916882,-0.049102192802,0.039014869501800005,7.16255305103e-06,0.025251455384299997,0.0267102228205,0.000222217644927,0.00018794048974099997,0.00567089324853,0.005759315604579999,9.23629658448e-06,8.95462266492e-06,-0.00831685683873,-0.0052100228431899995,0.000428911767744,0.000142444671976,100000,100000,1,0.9686092674719999,2.30008907465e-06,1.17773687957e-18,-4.0,4.0,0.41949856192955504,0.004289897662784565,0.3298498194218013,0.01290293079148688,PC9C1,amiodarone,osimertinib,HTS015_017_Combined.csv,2.34506504452,0.047477330186400005,1.2059205185700002,0.005372586521659999,-5.39490720733,0.019040780687200002,-8.834518793300001,0.0014165187910999998,0.121714640609,0.0166965596309,-0.158118090962,0.025674830846199998,-10.386158178099999,-3.0,-11.698970004300001,-4.6989700043400005,1,0,1,0,"(10294.658526773623,)",10223.448089700001,157432.67359700002,1e-05,2e-07,571,4.1100000000000004e-08,2e-09,5,3.9013786656000002,0.00100264317772,3.90138466049,0.000992597401288,131.49013083
213,0,80236.2303189,75092.46026410001,71790.99776439999,69085.0713588,67976.6149352,67292.23547490001,-0.25522040609499996,0.0399573044086,4.46405181614e-06,0.00620545817964,0.008125281010149999,1.89760261201e-05,1.6786381174000002e-05,-0.00802227214658,-0.00688725745499,0.000134654944818,0.000133222592882,0.005531703325390001,0.00409114436697,0.000145681832232,8.77183149442e-05,100000,100000,1,0.821898164205,-0.000605449608356,1.47615952912e-08,-7.0,7.0,-0.28249468722138354,0.0027041214798342763,-0.23435808523364535,0.003809943833383607,PC9C1,osimertinib,ponatinib,HTS018_rates.csv,0.8132177623810001,0.0014087261746900002,2.1577587411400003,0.0151369561421,-8.19869510848,0.00166338237435,-6.1467066189,0.00352687051315,-0.164482202282,0.0250037878749,-0.44330401888000004,0.0476553633782,-12.698970004300001,-4.6989700043400005,-13.214670165,-3.39794000867,1,0,1,0,"(33572.284333963107,)",40361.6289462,1239294.28752,2e-07,4e-06,576,2e-10,6.100000000000001e-11,5,3.9956434791800004,0.0006187206807190001,3.99565092745,0.000627234941837,137.213619669
214,0,19633.770679700006,19608.170694200002,19603.0332449,19576.3547551,19547.805140099998,19506.7379688,-0.08911713625189999,0.038993743624300005,7.118171208060001e-06,0.0377611439183,0.0383080422498,6.65518414665e-05,0.00010567887773500001,0.0056919118690900005,0.00579279763726,9.31351149083e-06,8.98804958027e-06,-0.0679163142745,0.00276396932597,0.0015563052705400001,0.0137589072323,100000,100000,1,0.9699623422299999,9.32740459543e-07,1.03025726119e-14,-5.0,5.0,2.210335656148228,0.41315884920731416,0.09122716902320503,0.04687633269700756,PC9C1,ag 879,osimertinib,HTS015_017_Combined.csv,3.9363257529300006,0.4131159336,1.18144122152,0.00508468780308,-6.02063296886,0.010944165049299999,-8.82969010038,0.00141132328856,-1.04469926214,0.0737981447392,-0.37311735761500003,0.0462052005504,-11.585026652,-3.9956786262199997,-11.698970004300001,-4.6989700043400005,1,0,1,0,"(9792.3697573000572,)",9820.112046200002,136321.31959,1.01e-06,2e-07,571,2.6e-09,2e-09,5,3.89936439459,0.000992333619084,3.89936600236,0.0010046073788099999,131.745444965
215,0,22347.867123,22232.3668396,22010.9343065,21897.8322469,21845.221277599998,21756.738132299997,-0.117795995219,0.0390082594807,7.24550240657e-06,0.040464159718699995,0.040463953584800004,2.92755175439e-05,2.92782283141e-05,0.00553064964056,0.00567233168648,1.00171903844e-05,9.56132196593e-06,0.00510400331454,0.0053118533413999995,5.25407826871e-05,3.80857187925e-05,100000,100000,1,0.96848295846,8.86788984066e-05,1.21248554854e-15,-4.0,4.0,0.012744228995358172,0.0011738445777720256,0.010813508695639226,0.0016051038273571106,PC9C1,tyrphostinag370,osimertinib,HTS015_017_Combined.csv,0.9250393020409999,0.109791483679,1.10718100485,0.004402628085119999,-9.160818527810001,0.438124988278,-8.84098446887,0.001550976783,-0.0655237789939,0.004316222566890001,-2.9718521520700003,0.433852747405,-10.386158178099999,-3.0,-11.698970004300001,-4.6989700043400005,1,0,1,0,"(10912.517089394756,)",11222.1089719,142632.515185,1e-05,2e-07,586,4.1100000000000004e-08,2e-09,5,3.9008250290499995,0.00101440726683,3.9008239746199997,0.00103123624575,118.63894411700001
216,0,20385.9130894,20343.438985900004,20335.7446222,20337.3512282,20304.534223099996,20257.6847065,-0.0751183501001,0.0389895322907,7.1661155880800015e-06,0.0209321095615,0.022760476702799997,0.000484483618375,0.00043632097967300003,0.005641409280949999,0.00574116879237,9.49711753667e-06,9.163800070260001e-06,0.0030709792967600004,0.0032880268169,0.000113446170701,0.00011237559534399999,100000,100000,1,0.9601105960899999,3.19386430913e-05,1.48147106717e-17,-4.0,4.0,0.07707870045454977,0.003382786188462211,0.0737823374552921,0.0034258776281735548,PC9C1,acetylcysteine,osimertinib,HTS015_017_Combined.csv,1.6865053225100002,0.10555791965900001,1.18298163737,0.00524785787092,-5.5622453884,0.027377556289599998,-8.831560976819999,0.0014387950966099998,0.00999130534963,0.028415234120299997,0.13384092683,0.0490371895985,-10.386158178099999,-3.0,-11.698970004300001,-4.6989700043400005,1,0,1,0,"(10167.1297488369,)",10211.009996100001,166260.93506800002,1e-05,2e-07,577,4.1100000000000004e-08,2e-09,5,3.89903511862,0.0010187628538,3.8990322757099998,0.00103106474154,131.945434165
217,0,24646.3078002,24594.8833238,24583.746376900002,24579.7579361,24554.0821355,24518.8309052,0.183445921217,0.0390078712155,7.21299559955e-06,0.0190535683737,0.0198303551527,0.000251642380704,8.2620609616e-05,0.00557159615645,0.005696861177779999,9.83301914347e-06,9.43781277343e-06,-0.003575645207500001,0.005116543613729999,0.000196069063393,0.0012405889462999999,100000,100000,1,0.7660486382289999,-0.000511146603068,1.3925361351299998e-08,-5.0,5.0,0.2735723805296957,0.037104873076870215,0.017421193875324474,0.005893672096536718,PC9C1,abexinostat,osimertinib,HTS015_017_Combined.csv,6.36878674712,0.37781041224100004,1.14407958544,0.00466200493801,-6.73292155612,0.017535567681099998,-8.8183662557,0.0014272276924000005,-1.31337489676,0.052498971293000005,-2.28050328033,1.49459327859,-12.096910012999999,-4.51427857352,-11.698970004300001,-4.6989700043400005,1,0,1,0,"(12301.691313371783,)",12320.122402399998,1655207.77566,3.06e-07,2e-07,580,8e-10,2e-09,5,3.90078176556,0.00101502910441,3.90079182873,0.00101314108796,132.030034602
219,0,20830.733589400006,20732.3647096,20689.5564776,20659.085794799998,20617.5113781,20521.5174753,0.127748831023,0.0389986047222,7.1563592376600005e-06,0.007314399073919999,0.0109791416566,0.00035842500142699995,0.00030619407328400005,0.005579246638109999,0.0056946753112499995,9.500104241869999e-06,9.12291076581e-06,-0.024740196656800002,-0.022217014376599998,0.000906461764097,0.000942279613183,100000,100000,1,0.9566170592919999,0.00212348081423,1.1314613428599999e-11,-5.0,5.0,0.9072419409918054,0.028201098484252774,0.8380899846212416,0.027223507759507583,PC9C1,entinostat,osimertinib,HTS015_017_Combined.csv,2.55462116232,0.0525927519874,1.1571086824099999,0.00483320214568,-6.34148971836,0.0100529065989,-8.825115811839998,0.00142096345596,-0.298397800634,0.0311379476029,0.0803193651982,0.0174512049558,-11.585026652,-3.9956786262199997,-11.698970004300001,-4.6989700043400005,1,0,1,0,"(10298.107808857201,)",10479.411381999998,321134.527887,1.01e-06,2e-07,568,2.6e-09,2e-09,5,3.89991086631,0.00101387598355,3.89991059411,0.00100095621837,127.443617165
220,0,24990.2745243,24412.9851718,24391.498337099998,24394.475181499998,24367.902093,23725.3270065,0.16619964818299998,0.0390071897488,7.13806381386e-06,-0.0054360113696,-0.00543601063005,3.68338456725e-05,3.68338462836e-05,0.0055732209273299995,0.00569331607113,9.93247183147e-06,9.50141570025e-06,-0.011023941902999998,-0.0110239401776,4.09244374887e-05,4.09244478084e-05,100000,100000,1,0.9608722610959999,0.026008527909,7.21383831767e-10,-5.0,5.0,0.12573195433230236,0.0013110291102104619,0.12573193424227908,0.0013110289460222127,PC9C1,docetaxel,osimertinib,HTS015_017_Combined.csv,3.5898758378300006,0.0985293523766,1.14244086316,0.00503250780484,-8.68116052079,0.004884456874220001,-8.83746116558,0.00152603369255,3.67719178136,0.798655948731,-0.060402098969,0.00777169805149,-12.096910012999999,-4.51427857352,-11.698970004300001,-4.6989700043400005,1,0,1,0,"(11902.508862120048,)",13104.0783934,148772.950836,3.06e-07,2e-07,569,8e-10,2e-09,5,3.9006921916300006,0.00101592337171,3.9006976933499997,0.0010146848228799999,128.379292083
222,0,21447.0780241,21321.2485712,21296.4346994,21296.4451937,21261.090451900003,21232.0254557,-0.129883907695,0.039006600893599995,7.24015925721e-06,0.0419675156023,0.0404382811286,4.97160395772e-05,7.31636178826e-05,0.005575920200829999,0.00569324252996,9.7802669067e-06,9.39440289767e-06,0.00811517206383,0.00694081942246,7.25422505694e-05,6.37404963299e-05,100000,100000,1,0.9678485061609999,-0.00554979669887,6.16151207708e-17,-4.0,4.0,-0.0759557331882016,0.001924317828075904,-0.03744974850274097,0.002195847130751424,PC9C1,aprepitant,osimertinib,HTS015_017_Combined.csv,0.0204584482903,0.00738597355764,1.14797344534,0.00485572022944,-3.60067342211,0.859616754745,-8.83598610907,0.0014952688424100002,0.028464209196799997,0.009850333021940001,0.783911240438,1.9994224801499998,-10.386158178099999,-3.0,-11.698970004300001,-4.6989700043400005,1,0,1,0,"(10658.973134488271,)",10723.2834799,125931.464164,1e-05,2e-07,574,4.1100000000000004e-08,2e-09,5,3.9006584109199993,0.00102563310877,3.90065897149,0.0010222313410700001,133.175239917
223,0,24648.9893148,24572.559059400002,24178.4388412,24078.6642885,24037.499944400002,23996.8319418,-0.008611279145,0.0390051390616,7.19976294455e-06,-0.009491427686540002,-0.00240440741168,0.0013437501851300002,0.00043795636175599997,0.00552441430197,0.005713643706069999,9.982527285080001e-06,9.33317331767e-06,-0.0328276729691,-0.022427829741099997,0.00231299532833,0.0009247071015730001,100000,100000,1,0.9579073578630001,2.41938978564e-17,1.76326521247e-17,-4.0,4.0,0.481193759627428,0.02329153497308242,0.4835460427546666,0.07373982747769835,PC9C1,bazedoxifene,osimertinib,HTS015_017_Combined.csv,8.19827735986,0.36544603229999995,1.05243473124,0.00390503626261,-5.09351193735,0.010501512811700002,-8.8324464228,0.00154132896397,-0.100096438837,0.0863154835199,-0.040256667242,0.011450859627100001,-10.386158178099999,-3.0,-11.698970004300001,-4.6989700043400005,1,0,1,0,"(12039.486941166164,)",12315.9755843,571168.688684,1e-05,2e-07,573,4.1100000000000004e-08,2e-09,5,3.90050793388,0.0010121100708799999,3.90050257614,0.00102212820021,133.1789168
224,0,23349.483101499998,23313.9060333,22449.4827799,22327.5663996,22251.703695900003,21782.507908099997,0.322649862809,0.0390076345566,7.121981799060001e-06,-0.0058022115351500005,-0.005802211221789999,5.53099945661e-05,5.53099949378e-05,0.0055632831301199994,0.00568485743426,9.95853690088e-06,9.530091338669999e-06,-0.0180233615756,-0.0180150821047,5.80400407602e-05,5.80652873581e-05,100000,100000,1,0.9706503803309999,0.0220372279261,3.49773743619e-10,-4.0,4.0,0.2727335866190366,0.0020368997861322504,0.2725488265081193,0.0020363648711066635,PC9C1,cephalomannine,osimertinib,HTS015_017_Combined.csv,3.1002371299,0.6780702233470001,1.14040499748,0.00496668082272,-7.630548228439999,0.0502851356437,-8.83671878771,0.00153467543364,0.640941063001,0.0575595693451,-0.0911053131252,0.0220437969202,-10.386158178099999,-3.0,-11.698970004300001,-4.6989700043400005,1,0,1,0,"(10932.846226133579,)",11451.601636200001,77788.1753396,1e-05,2e-07,568,4.1100000000000004e-08,2e-09,5,3.90077487323,0.00102440513418,3.9007810016500004,0.001017162637,128.72840230100002
225,0,20520.2398712,20437.1618648,20232.6487814,20187.5807315,20134.148076700007,19747.0622003,-0.41083835624399995,0.039007748818300006,7.23284910191e-06,-0.0174723325812,-0.0149426829252,0.000235182378398,0.000221297033354,0.005572718297670001,0.00569005972557,9.745616359260001e-06,9.35032167585e-06,0.00689140461164,0.0057587054871400005,1.21072632018e-05,7.85284288717e-05,100000,100000,1,0.9655494507969999,-0.0469416007217,6.2682909156e-10,-5.0,5.0,-0.43136866288326003,0.0026268005077297947,-0.3837112650138175,0.0026963922229035703,PC9C1,trametinib,osimertinib,HTS015_017_Combined.csv,1.37388301085,0.0102059181907,1.14803834965,0.004899758134270001,-7.481562204169999,0.011412059110399999,-8.83585289089,0.0014955296585099998,0.212727556248,0.0376505241984,-3.5202351427199994,0.87994590608,-12.096910012999999,-4.51427857352,-11.698970004300001,-4.6989700043400005,1,0,1,0,"(9904.7786231440132,)",9862.76547997,196145.37577,3.06e-07,2e-07,572,8e-10,2e-09,5,3.9007082899800003,0.00101886748255,3.9007173303500013,0.00100914555835,119.350734683
226,0,76050.17001789999,69740.4221417,66106.6131277,63677.0842496,62573.6056395,61794.5117409,-0.334368563503,0.039973693142800006,4.53367975445e-06,0.00575734833961,0.00753930056277,2.00592097941e-05,1.80194269408e-05,0.0036764017730899997,0.00379045848076,2.99596779305e-05,2.89759078549e-05,0.00750014340842,0.0069962503502200004,4.82435709806e-05,3.51475276111e-05,100000,100000,1,0.590105972733,-0.0291013877739,9.229398798e-09,-7.0,7.0,-0.10534509576438814,0.0012032880487474658,-0.0885988192985745,0.001532098757006745,PC9C1,osimertinib,afatinib,HTS018_rates.csv,0.822146276551,0.0014864563649900002,0.452328423829,0.00528825764462,-8.23167744242,0.0017699953723299996,-10.927962942799999,0.0181721162802,5.0985790161699995,1.2306293885100001,-0.558329808491,0.0455358027716,-12.698970004300001,-4.6989700043400005,-13.214670165,-3.39794000867,1,0,1,0,"(30818.202613095156,)",37985.10407,5259747.49888,2e-07,4e-06,569,2e-10,6.100000000000001e-11,5,3.99731728576,0.000629670915358,3.9973138503300003,0.000631782897574,139.51801095
227,0,113009.659621,100213.55365700001,91468.19415560001,87374.536841,85641.22675569999,84567.2517599,0.0857136158742,0.0399388759001,4.41147321316e-06,0.004954332543640001,0.007203635590560002,1.89096512756e-05,1.65056917633e-05,0.0160107988502,0.0162264808205,0.000126872986205,0.000127211550916,-4.32120585215e-05,0.00015184775896399998,5.31339109135e-05,5.20786140986e-05,100000,100000,1,0.8310567567749999,0.00143016780302,1.0399838041099999e-08,-7.0,7.0,0.14285007385236284,0.0015833634844250027,0.2154188502945221,0.0017687177570170414,PC9C1,osimertinib,jq1,HTS018_rates.csv,0.783396896588,0.00125995185514,2.5098124247599998,0.025664878176,-8.18348898437,0.0015978187798800002,-6.2112125703,0.00805006297361,0.286898853296,0.0101969250137,0.992071589282,0.040934500987900004,-12.698970004300001,-4.6989700043400005,-13.214670165,-3.39794000867,1,0,1,0,"(42135.091042530781,)",52719.7111274,525588.062145,2e-07,4e-06,578,2e-10,6.100000000000001e-11,5,3.9938450884900014,0.0006185143782490001,3.99384294284,0.0006238329997699999,140.054357
228,0,25965.7460815,25624.2543082,25351.1111692,24291.7303079,24052.0525173,23891.271461900003,-0.0863505487986,0.0389878491906,7.12166348725e-06,0.0211804072612,0.0211804094994,0.000107538239266,0.00010753825277600001,0.005598360055239999,0.0056897467374,9.30802403833e-06,8.99892557337e-06,0.00418494625681,0.004242528959650001,7.92323657892e-05,7.94107299155e-05,100000,100000,1,0.959653997225,1.5378197017600004e-10,2.9186131260299997e-13,-4.0,4.0,0.042331099847022574,0.002394865807661353,0.04346246996458861,0.002397315177596191,PC9C1,verteporfin,osimertinib,HTS015_017_Combined.csv,7.9848900476399995,0.273534055041,1.20123139776,0.005459757893260001,-5.86421916426,0.005252991122600001,-8.83139559665,0.00144029908472,-0.0773949573356,0.0218056593107,0.07304575267239999,0.0101976585286,-10.386158178099999,-3.0,-11.698970004300001,-4.6989700043400005,1,0,1,0,"(11974.39989808738,)",12944.223107700001,116654.19780899999,1e-05,2e-07,574,4.1100000000000004e-08,2e-09,5,3.8988241258999996,0.00100921883985,3.8988136609300006,0.0010241967652399998,121.573274918
229,0,21080.122998299998,21021.6426938,21004.9997278,20890.366330200002,20852.2565838,20612.103622299997,-0.20016231871399998,0.038988047821,7.1109285049100006e-06,-0.0492629931937,-0.0166318816844,0.00120291185575,0.000954666641154,0.00561330410883,0.0057276366535,9.73564285652e-06,9.32955292444e-06,-0.0024476308154400004,-0.00322374505366,0.000148472151679,0.00010944685368799999,100000,100000,1,0.744862066207,-3.77027259867e-08,1.12983136475e-16,-4.0,4.0,-0.5304794350296894,0.005228488635267976,-0.2410671273763164,0.016629387445173692,PC9C1,gsk1751853a,osimertinib,HTS015_017_Combined.csv,2.5243492887200003,0.048755211200199995,1.15102591919,0.005078836730329999,-5.09174584823,0.00853162696822,-8.8394585051,0.00148891340001,-0.9087732329260001,0.020961790707599997,0.295180134661,0.007282134404449999,-10.386158178099999,-3.0,-11.698970004300001,-4.6989700043400005,1,0,1,0,"(10346.421326370884,)",12096.418587799999,2429998.59241,1e-05,2e-07,569,4.1100000000000004e-08,2e-09,5,3.8987739815599998,0.0010026368223,3.8987820524,0.0009917301653939998,130.56566968
230,0,26698.3975213,26576.9176694,26512.1252988,26108.31097390001,26056.509989,25941.6267241,-0.211685129745,0.039004306246699996,7.089088495080002e-06,-0.0627934796659,-0.0456018011385,0.00180369603382,0.00139212437516,0.00555012096774,0.005654379318999999,9.44516907074e-06,9.07610458455e-06,4.24752185472e-05,5.13262954023e-05,9.49456969901e-06,9.37304046956e-06,100000,100000,1,0.9137477406919999,1.15613824715e-09,1.88202857039e-15,-4.0,4.0,-0.6172624907421458,0.005235070810452857,-0.5395961218975585,0.009815978534751272,PC9C1,dronedarone,osimertinib,HTS015_017_Combined.csv,5.13598254184,0.082174015654,1.17120121621,0.00523717864801,-5.13475190521,0.00789988532786,-8.837786118330001,0.00143491735226,2.26636972942,0.0770288118782,0.40690107752899995,0.008762279563629998,-10.386158178099999,-3.0,-11.698970004300001,-4.6989700043400005,1,0,1,0,"(13010.037647586993,)",15378.063561300001,6970808.738639999,1e-05,2e-07,572,4.1100000000000004e-08,2e-09,5,3.9001267028800006,0.00101283144965,3.9001342352800004,0.00101464720692,131.098277466
231,0,21186.4318939,21106.5556,21077.826394,21060.5864967,21030.489590200006,20921.6471247,-0.0719843044316,0.038991182167,7.1759678191e-06,0.0014648260721800005,0.00158737587512,3.88954123989e-05,3.78861074748e-05,0.00554037563966,0.00563633568358,9.45187745269e-06,9.13552684225e-06,-0.00273420707162,-0.00271338802504,3.13926074046e-05,3.13746575048e-05,100000,100000,1,0.9645867935889999,1.5297719017e-06,1.3572408043e-15,-4.0,4.0,0.11189557369199564,0.0013998572323328756,0.11498198516480003,0.0014315052478130561,PC9C1,gsk994854a,osimertinib,HTS015_017_Combined.csv,3.31470508499,0.0388836110142,1.19138973564,0.00530409496717,-5.74956990689,0.00475529801045,-8.83183084077,0.0014525888597599998,1.84847107065,0.961578483303,0.0363515644881,0.0115467403316,-10.386158178099999,-3.0,-11.698970004300001,-4.6989700043400005,1,0,1,0,"(10508.809479472809,)",11772.8249734,187006.208858,1e-05,2e-07,566,4.1100000000000004e-08,2e-09,5,3.89906959375,0.00100675424648,3.8990773202800004,0.00099991652653,131.505163085
232,0,20438.6336718,20395.1949463,20385.7210275,20380.5396491,20346.2204368,20305.5278057,-0.0790230182132,0.0390135054558,7.1997464131199996e-06,0.0365786020602,0.0377879899752,7.59788632996e-05,7.27729913791e-05,0.00547884708275,0.00563243112823,1.00408983659e-05,9.525456240010001e-06,0.00167758202177,0.0037258494769200003,0.000189480599909,0.000159142474905,100000,100000,1,0.969925588238,0.0045929946758,5.70509797921e-13,-5.0,5.0,0.1133533259439694,0.0047561997796267685,0.05711564680634984,0.005685200872563852,PC9C1,nateglinide,osimertinib,HTS015_017_Combined.csv,0.210262342496,0.019291437643799998,1.09079449126,0.00430815178292,-6.02304052579,0.22554178072099998,-8.84158644177,0.00155126969202,-0.19934929888300001,0.020693593357200002,0.07662701511089999,0.302098055533,-11.585026652,-3.9956786262199997,-11.698970004300001,-4.6989700043400005,1,0,1,0,"(10193.954464280736,)",10223.18729,122535.662877,1.01e-06,2e-07,575,2.6e-09,2e-09,5,3.90141564076,0.00101408460538,3.90140895394,0.00102297234218,125.39091639899999
233,0,29756.604904000003,29717.1966022,27085.193189999998,27074.061574299998,27047.7729893,26665.120062,-0.191299128746,0.0389581481856,7.064494586189999e-06,-0.0886065199916,-0.0112962667729,0.0031857365129599998,0.0037845363544699996,0.0054832906296599995,0.00559929120829,9.46588438804e-06,9.08145779762e-06,0.009357316329610002,0.005607737265520001,9.5386531788e-06,6.53911579265e-05,100000,100000,1,0.8845888584839999,-1.7719807000200002e-13,4.00011127672e-17,-4.0,4.0,-0.767954306792289,0.006903426224785704,-0.3363685370206637,0.04206949455281506,PC9C1,givinostat,osimertinib,HTS015_017_Combined.csv,6.32897493491,0.5169067826,1.14901641287,0.0048082192122,-4.97044341679,0.005865745782370001,-8.8388445773,0.00146128204272,3.26243051766,0.478111096478,-2.19239863493,1.04432789697,-10.386158178099999,-3.0,-11.698970004300001,-4.6989700043400005,1,0,1,0,"(13360.425486176864,)",13350.668164899998,3676241.3171,1e-05,2e-07,589,4.1100000000000004e-08,2e-09,5,3.8957751197800015,0.00100354539716,3.89577454764,0.00100443211594,131.822710367
234,0,22760.710204,22639.250516900003,22616.101038,22614.304314400004,22582.7712183,22545.480873700002,0.203858580037,0.0390079217491,7.20765644747e-06,-0.0103786729444,-0.0103432607646,6.62798562069e-05,6.63044055569e-05,0.00555950288787,0.00566329357001,9.732132902489999e-06,9.38098401427e-06,-0.0243996609387,-0.0243427204108,7.42247956526e-05,7.44254730846e-05,100000,100000,1,0.969336789069,0.007101822361979999,2.4881933362600005e-11,-4.0,4.0,0.2839027084437828,0.0022899674563705737,0.2836701966019501,0.002288219534141146,PC9C1,carmustine,osimertinib,HTS015_017_Combined.csv,1.88514138151,0.0117710741634,1.17670206768,0.00524606899158,-6.667856286009999,0.00455025538417,-8.829388214369997,0.00145484194098,0.0256294450662,0.022468378336200003,0.0636823267428,0.0071959793123700004,-10.386158178099999,-3.0,-11.698970004300001,-4.6989700043400005,1,0,1,0,"(11319.321412344858,)",11379.0486376,234318.176234,1e-05,2e-07,569,4.1100000000000004e-08,2e-09,5,3.9007937058,0.0010261072373300001,3.9008018682699994,0.0010094463259,133.171015565
235,0,22170.7351372,22118.2601789,22080.7378304,22060.2183297,22001.993230900003,21768.737985699998,0.450792180603,0.0390018009365,7.2313820597e-06,-0.057716572305800004,-0.050748240920699995,0.000381141638143,0.00039426526259599994,0.00556651327296,0.005680334859229999,9.931646186419999e-06,9.54016709095e-06,-0.111868834493,-0.0919442474078,0.000754718051899,0.0008346836572450001,100000,100000,1,0.9446068491130001,0.013034563523200001,3.12597582955e-12,-5.0,5.0,0.5598963296408752,0.010719782638795337,0.4590082147554467,0.01044531412104696,PC9C1,quisinostat,osimertinib,HTS015_017_Combined.csv,0.810028091592,0.00378051683015,1.1580618112899999,0.00509767409715,-7.3658852592600015,0.00613061424535,-8.8288213157,0.0014743169854000001,-3.5315117858,0.877666685991,-0.45283848804399995,0.010390956348,-11.585026652,-3.9956786262199997,-11.698970004300001,-4.6989700043400005,1,0,1,0,"(10924.559608629275,)",10971.1788294,662220.7390109999,1.01e-06,2e-07,574,2.6e-09,2e-09,5,3.90016977699,0.00102492576766,3.9001623919699995,0.00103470779053,126.89300910200001
236,0,22518.1289088,22473.06298390001,22456.6994648,22279.029671700002,22167.5772958,22106.9193248,-0.051276709511900005,0.03902029569769999,7.09349247183e-06,0.0339074073227,0.0339074092425,9.64587427632e-05,9.64587789651e-05,0.005587924527,0.00573283176013,9.931568905339999e-06,9.43002914695e-06,0.00439795202153,0.00449661742147,7.53006012187e-05,7.54480969402e-05,100000,100000,1,0.961265383888,4.3776191344799995e-12,6.72475682351e-15,-4.0,4.0,0.035593422297036714,0.0022755760824197647,0.03713753444775777,0.002283210615569517,PC9C1,u0126,osimertinib,HTS015_017_Combined.csv,7.89288213389,0.377022890241,1.10305628907,0.00448368500564,-5.81407740701,0.0321416461393,-8.839559445039999,0.00152491593327,0.10258637575099999,0.012878978537000001,-0.0711360049463,0.0435114526164,-10.386158178099999,-3.0,-11.698970004300001,-4.6989700043400005,1,0,1,0,"(11094.359144659287,)",11193.4218764,156641.17738699995,1e-05,2e-07,568,4.1100000000000004e-08,2e-09,5,3.9019844003699995,0.000998945829472,3.9019911897000004,0.00101225136872,124.804326499
237,0,23484.9453842,23442.7963085,23397.4271235,23376.715818700002,23321.314880500002,22724.249507099998,0.289912228514,0.0390049524154,7.26164670785e-06,0.0137537065246,0.0177894251321,0.00011280230269399999,9.51810283997e-05,0.0055963559069899995,0.00571386638725,9.82458119017e-06,9.41049255665e-06,-0.0060984895268599995,-0.004053915469699999,9.65852039618e-05,7.37165333744e-05,100000,100000,1,0.9537890790449999,0.0415124009741,1.49669949489e-10,-5.0,5.0,0.3500549755481658,0.0022403364192665897,0.29340532323549434,0.0029269342156974065,PC9C1,rapamycin,osimertinib,HTS015_017_Combined.csv,0.391665068456,0.00412404707911,1.14708342843,0.005018292825189999,-8.35445532366,0.017358018064400002,-8.8367843089,0.0015135602677999998,0.516439317773,0.013780807029,-0.10471363536,0.042815688727400006,-12.096910012999999,-4.51427857352,-11.698970004300001,-4.6989700043400005,1,0,1,0,"(11379.41701520762,)",10384.7342225,117830.03011400001,3.06e-07,2e-07,575,8e-10,2e-09,5,3.9005139331,0.00103126687172,3.9005093891100002,0.00104007141646,126.91722111700001
238,0,31870.866059500004,28692.191946,27569.8218416,25944.417316299998,25657.59125590001,25107.3314568,-0.066929849746,0.0389678925599,7.1216725826699995e-06,0.0187997422847,0.0187997423447,8.00373314712e-05,8.00373317091e-05,0.00611172967689,0.006155546745579999,8.913500397730003e-06,8.757082676060001e-06,0.00567355514759,0.00572873740526,6.90768358661e-05,6.92879406799e-05,100000,100000,1,0.959599593118,8.27290631215e-08,4.066062720669999e-09,-4.0,4.0,0.01333614429841353,0.002126052964846103,0.013007583875144044,0.002123119887565707,PC9C1,loratadine,osimertinib,HTS015_017_Combined.csv,10.4277662928,0.311188643921,1.34999815046,0.00797943505819,-5.817706909319999,0.006167077910409999,-8.82815363224,0.0014309849881,-0.370285283394,0.016291929259,0.621587017723,0.00874548691171,-10.386158178099999,-3.0,-11.698970004300001,-4.6989700043400005,1,0,1,0,"(12574.362901426377,)",15910.264592500005,119411.160775,1e-05,2e-07,583,4.1100000000000004e-08,2e-09,5,3.89686462395,0.0009991989965249999,3.8968749755800003,0.00100616724101,129.888227149
239,0,35807.15326580001,34822.1473733,33947.9712319,31755.3360639,31056.9691995,30288.189726499997,-0.0629887675204,0.038995532788699994,7.159363177560001e-06,0.0258206311362,0.025820631620800002,5.45710158314e-05,5.45710178382e-05,0.00549757372979,0.005641771111890001,1.00235479463e-05,9.495339520139999e-06,0.00218997822281,0.0024259924749,6.228230051600001e-05,6.25572231132e-05,100000,100000,1,0.95251929599,0.00608765148723,5.1101512738899995e-09,-4.0,4.0,0.09874020984870194,0.0018934038555274407,0.09641427159401478,0.0018962852514871386,PC9C1,ivacaftor,osimertinib,HTS015_017_Combined.csv,8.28925358584,0.266085606973,1.10418107371,0.004632033443649999,-5.896861303330001,0.0033022576345799995,-8.84009296115,0.00158135068471,-0.333287122683,0.007892263187310001,1.5936592572600001,0.0684239442257,-10.386158178099999,-3.0,-11.698970004300001,-4.6989700043400005,1,0,1,0,"(15076.623329287509,)",17903.4366755,118639.351872,1e-05,2e-07,568,4.1100000000000004e-08,2e-09,5,3.8995702428600003,0.00102069797663,3.899569241580002,0.00101954391545,129.896169583
240,0,20514.6191593,20447.6289407,20369.089885499998,20322.2900073,20293.6691468,20246.2491034,-0.119929693927,0.03899146012469999,7.09641544217e-06,-0.011207457778100002,-0.0075246670637000015,0.000361369041065,0.00019880615262299998,0.00547680020764,0.00561668652223,9.51936788196e-06,9.029403149739999e-06,-0.00580552120005,-0.00555908204115,0.000150687868995,0.000139753066935,100000,100000,1,0.9653531577140001,8.60722562006e-12,9.6689067097e-17,-4.0,4.0,-0.10761061799200043,0.004499033728355618,-0.04225599037058639,0.00811504396430824,PC9C1,thioridazine,osimertinib,HTS015_017_Combined.csv,5.726413053049999,0.0893153228459,1.11063177645,0.004484159183189999,-5.19234143602,0.00622372247199,-8.839772338889999,0.00149942610118,-0.0737943375122,0.09912077202289996,0.0892212827837,0.0168668943752,-10.386158178099999,-3.0,-11.698970004300001,-4.6989700043400005,1,0,1,0,"(10166.730634187707,)",10576.716837200001,435192.56970200007,1e-05,2e-07,586,4.1100000000000004e-08,2e-09,5,3.89916054494,0.00100853355378,3.8991668626099996,0.00100587432985,124.11854495200001
241,0,21150.0941507,21087.888129400002,20991.444885499997,20817.5150355,20751.188652,20711.9325026,-0.0977303531973,0.038999970748099994,7.16973562697e-06,0.0381278322698,0.0381278322698,3.20640904728e-05,3.20640904728e-05,0.00557237835876,0.00570364287257,9.78406340105e-06,9.34642410067e-06,0.00517551503087,0.00528983932925,3.34072442844e-05,3.33829126484e-05,100000,100000,1,0.96859862372,0.00037230973408499996,1.4361819551300001e-11,-4.0,4.0,0.011872327604920768,0.001037969015547907,0.01242790330714249,0.0010465117828559042,PC9C1,quercetin,osimertinib,HTS015_017_Combined.csv,6.51999313863,0.41126973202399997,1.12520247441,0.00461019577802,-7.18455542107,0.0604086835437,-8.83569566913,0.0015081001697600002,0.0479816357581,0.004970923391279999,-0.10506511056199999,0.0956054019313,-10.386158178099999,-3.0,-11.698970004300001,-4.6989700043400005,1,0,1,0,"(10401.646348023649,)",10575.4751214,128756.802984,1e-05,2e-07,568,4.1100000000000004e-08,2e-09,5,3.8999532863199997,0.00101631738222,3.8999491021599995,0.00101786449874,127.176826151
243,0,22724.092166299997,22700.027135099997,22692.6412778,22698.636088299998,22666.378662900002,22637.6731227,-0.19460909909899998,0.0390089690366,7.251933085439999e-06,-0.0160659262787,-0.0102616426612,0.00016544896835699998,0.000155865321336,0.00569101150636,0.00581020618918,9.56065199803e-06,9.130504167530001e-06,-0.18461929405299998,0.0029639443577399996,0.000433543680419,0.0216479983958,100000,100000,1,0.9420404353740001,-0.00588433186016,6.532920715680001e-17,-4.0,4.0,3.060439185755026,0.39323286682894104,-0.26842749791820714,0.009135805958555792,PC9C1,bosutinib,osimertinib,HTS015_017_Combined.csv,0.882694082527,0.0055030168012,1.1408836178,0.00494920628779,-6.0522777336599995,0.00530615471103,-8.84192742748,0.00151048680985,-3.34378489325,0.429315781822,-3.22386607402,0.0787820797405,-10.386158178099999,-3.0,-11.698970004300001,-4.6989700043400005,1,0,1,0,"(11357.3838166448,)",11359.207865299999,333422.149815,1e-05,2e-07,574,4.1100000000000004e-08,2e-09,5,3.9009031795199998,0.00102527246116,3.9009019648300014,0.00103381720085,134.84184053299998
244,0,19986.9598027,19951.2369325,19944.308616799997,19939.5133803,19908.976915400002,19862.661367700002,-0.09408002002890001,0.039003081577400005,7.17215179902e-06,0.0304297669645,0.0318886608244,0.000126395445354,0.00011555930508900001,0.0055276895111099995,0.0056667105262900004,9.60600529513e-06,9.18049314333e-06,0.00608980913291,0.00619158505379,3.62349538956e-05,3.6236513854e-05,100000,100000,1,0.969179967532,-0.0024287186941300003,4.437788459e-13,-4.0,4.0,-0.016792025039971327,0.001115565649069745,-0.015744800977145448,0.0011233474134290952,PC9C1,naftopidil,osimertinib,HTS015_017_Combined.csv,1.31501994564,0.0369838979348,1.11275119714,0.00425647248923,-5.52327407809,0.0169663477745,-8.83766720095,0.00146576922848,0.0210792496845,0.0103690600491,3.3608165295999997,0.417449046373,-10.386158178099999,-3.0,-11.698970004300001,-4.6989700043400005,1,0,1,0,"(9968.7489823251217,)",9919.0998641,154431.372558,1e-05,2e-07,572,4.1100000000000004e-08,2e-09,5,3.9002675587699995,0.00101812062678,3.9002671559,0.0010250530674500002,128.218758933
245,0,24140.253053599998,24100.183653,23911.258932700002,23376.462798599998,23180.1482083,22253.779153299998,0.541072936586,0.0390087341871,7.196579810460001e-06,-0.00607613176982,-0.0060616367070100005,6.67629360679e-05,6.67769263574e-05,0.0056201154466300005,0.005735251984560001,9.86682305654e-06,9.46280095166e-06,-0.0366434064245,-0.0365928426851,0.000125804604651,0.000125945962352,100000,100000,1,0.962204126564,0.00236716208085,5.763728976180001e-12,-4.0,4.0,0.6779941340823324,0.0037406482534330142,0.6774119088085861,0.003738587383424915,PC9C1,vinorelbinetartrate,osimertinib,HTS015_017_Combined.csv,2.24307931225,0.0180375512092,1.1505869343200001,0.0050720793212,-6.55708762122,0.00463642969401,-8.83777848031,0.0015115732078699999,0.5393675187479999,0.0338984187282,-0.12015770984999999,0.008187361278939998,-10.386158178099999,-3.0,-11.698970004300001,-4.6989700043400005,1,0,1,0,"(11136.27755458874,)",14035.619085799995,327332.933646,1e-05,2e-07,585,4.1100000000000004e-08,2e-09,5,3.9005592253500003,0.00101943201297,3.9005698673900002,0.00100658991007,125.614929748
246,0,26895.009093299996,26738.242339,25444.9547569,25072.2542917,25023.5553596,23088.706951400003,0.452095782139,0.0389950471476,7.180782961060001e-06,0.0281238053786,0.0281311977679,0.00015339171080300002,0.000153494060665,0.00556022857633,0.00567619766125,9.60712751868e-06,9.22573367252e-06,-0.031275437389700005,-0.0248679877403,0.000649172205987,0.0004223475974430001,100000,100000,1,0.763444767693,0.0205699009552,1.28303381124e-08,-5.0,5.0,1.1017157424530577,0.012647487939173222,0.9167238927041368,0.01949247020064264,PC9C1,mocetinostat,osimertinib,HTS015_017_Combined.csv,3.4420836980400003,0.0451733585331,1.15194059003,0.0048446804777,-7.4344185777100025,0.005951074134890001,-8.83306249799,0.00146712166878,-0.265570765942,0.0111841353168,-3.1518740546599995,1.06665293165,-12.096910012999999,-4.51427857352,-11.698970004300001,-4.6989700043400005,1,0,1,0,"(11541.146577671027,)",12059.2771808,791361.0766029998,3.06e-07,2e-07,587,8e-10,2e-09,5,3.8988575510900003,0.0010102467002,3.8988689968699997,0.00099790456158,128.634835732
247,0,21057.601026499997,20957.8668934,20862.824139099997,20783.785551,20752.274584400002,20718.102235299997,-0.0331904348164,0.0390016605677,7.1095357155899995e-06,0.0187012852179,0.0196878821988,0.000168098206809,0.000123296396747,0.0055588460577899994,0.005668486002359999,9.55759693805e-06,9.1875178988e-06,-0.00534638062747,-0.0049576532631,0.000164411890116,0.000157601124889,100000,100000,1,0.967429952589,9.869664539869999e-08,8.46842935297e-17,-4.0,4.0,0.3260857928697506,0.0047271244609789174,0.3187856963527594,0.004947320801024727,PC9C1,gw644007x,osimertinib,HTS015_017_Combined.csv,3.54239708256,0.11035299486300001,1.16479256291,0.00504199965879,-5.3646478447199994,0.010875064824600001,-8.83060094745,0.00142865965092,0.106939052726,0.019736845001599997,0.0613582810446,0.0161623606882,-10.386158178099999,-3.0,-11.698970004300001,-4.6989700043400005,1,0,1,0,"(10402.898896467941,)",10572.4941361,153414.75243599998,1e-05,2e-07,577,4.1100000000000004e-08,2e-09,5,3.90018798501,0.000999439431103,3.9001921259900003,0.000993064392238,135.740684267
248,0,26965.4355978,25977.375898599996,25664.438185299998,25571.5282883,25508.5815381,25168.8000724,-0.145096201508,0.0389925589301,7.1925734868e-06,0.0325149180556,0.0325603173904,4.23116007444e-05,4.17534946715e-05,0.00576110604624,0.00582583178325,9.23435350247e-06,9.0210291085e-06,0.00767775148576,0.0074898146554,4.72312464581e-05,3.25971141395e-05,100000,100000,1,0.96366981457,-3.95437917343e-05,1.3099915836800005e-15,-4.0,4.0,-0.057675643801023364,0.0010137942746259443,-0.05017024636716489,0.0014484429638286125,PC9C1,pp2,osimertinib,HTS015_017_Combined.csv,1.4270964882600001,0.0469090251365,1.2753616808,0.00643966889741,-6.50747540381,0.028146607631,-8.823563877949999,0.0013866224123900005,-0.0264704518067,0.0065217890120299995,-0.917526692316,0.0424165858038,-10.386158178099999,-3.0,-11.698970004300001,-4.6989700043400005,1,0,1,0,"(12598.241039912482,)",12538.314690000001,133148.144918,1e-05,2e-07,589,4.1100000000000004e-08,2e-09,5,3.8994374180199998,0.0010384397078,3.8994430459599996,0.00103691210711,134.022613235
250,0,22845.5686421,22677.315529599997,22257.3903315,22258.302567,22226.451626299997,20386.2682776,0.301576454556,0.0390116021883,7.1861081034e-06,-0.00501212771561,-0.00492907125625,5.45323498112e-05,5.44821900214e-05,0.00560981806188,0.0057285427136,9.80285829252e-06,9.38009396158e-06,-0.0361564662051,-0.035622555282699996,0.00014788048693599999,0.00014780571634399995,100000,100000,1,0.962005229528,0.0637552706416,1.37142449815e-08,-5.0,5.0,0.7074443387116067,0.0039687039156705494,0.6985210198287696,0.003972753681722249,PC9C1,vindesine,osimertinib,HTS015_017_Combined.csv,1.67711165426,0.0121146157944,1.14335206988,0.00500177199864,-8.138197463080001,0.00499345008162,-8.83976495391,0.0015256001218599993,0.11565421529200001,0.0156536923493,-0.45900532301200003,0.0102407631861,-12.096910012999999,-4.51427857352,-11.698970004300001,-4.6989700043400005,1,0,1,0,"(10226.60167304873,)",10170.038972600001,237604.862122,3.06e-07,2e-07,577,8e-10,2e-09,5,3.90110070166,0.0010181048170399998,3.9011029804699997,0.00100910779638,132.516361833
252,0,95498.03080489999,84628.8292485,79615.0187075,77113.724991,76019.2182988,73657.22234630001,-0.0458983780085,0.0399746748046,4.5045020074e-06,0.005350173899750001,0.0071973947439200004,1.99787656316e-05,1.78423418865e-05,0.000558902055513,0.0018565404316900002,4.77773874755e-05,4.59945654167e-05,-0.00044085548158,-0.00031587652389099995,2.0762992362e-05,2.13713227608e-05,100000,100000,1,0.779256629613,0.029397745930000007,1.40372521639e-08,-7.0,7.0,0.025364402810449983,0.0013136275063398279,0.05699169152215657,0.0014324583351137481,PC9C1,osimertinib,gefitinib,HTS018_rates.csv,0.823683117066,0.00147043402806,0.57536528033,0.00192230888741,-8.21539551493,0.00173727389972,-7.949324331030001,0.00611363674307,2.84003934913,0.0786888070247,0.00791326377054,0.0182545009143,-12.698970004300001,-4.6989700043400005,-13.214670165,-3.39794000867,1,0,1,0,"(36727.204164552764,)",43559.7969931,1762603.01652,2e-07,4e-06,577,2e-10,6.100000000000001e-11,5,3.99732966501,0.0006217701986930001,3.99732501753,0.0006301814268099999,166.238814918
254,0,21396.9930516,21340.6241028,21325.028307499997,21316.1631776,21285.7192387,21217.4245134,0.0541116769762,0.039021898558400006,7.1020390628800016e-06,-0.00167463434951,-0.000725790007334,0.000177969591105,0.000153922456678,0.00544423168651,0.00558727073462,9.70008323469e-06,9.17514794922e-06,-0.029437299997799996,-0.0284905968069,0.00016296934933200002,0.000143701073816,100000,100000,1,0.968711683609,6.91899865423e-08,5.65266561832e-16,-4.0,4.0,0.6821874902983172,0.007277511666969837,0.6985263244590706,0.008640847960720122,PC9C1,gw694590a,osimertinib,HTS015_017_Combined.csv,3.9259764924800002,0.102666802587,1.10384093204,0.00456618099675,-5.413175399580001,0.00354023282482,-8.84487872464,0.00150381808784,-0.14450922907299998,0.0199191371808,0.00520355323242,0.00401195732926,-10.386158178099999,-3.0,-11.698970004300001,-4.6989700043400005,1,0,1,0,"(10651.519399513349,)",10677.9802439,470758.693501,1e-05,2e-07,568,4.1100000000000004e-08,2e-09,5,3.9022057533499996,0.0010035489018300002,3.90221405005,0.000996805086405,158.195077336
